x,y,cat,color,simb
2.5,0.0,Físico,#4fd1c5,hexagram
-2.6069926696254826,2.3882188384901,Intelectual,#d4af37,diamond-tall
0.3785644927457617,-4.3135471395166345,Ritual,#9f7aea,star-entrance
3.650633165873176,4.761604507750175,Intelectual,#d4af37,diamond-tall
-6.605658874578118,-1.1684480445049084,Intelectual,#d4af37,diamond-tall
6.20030982018589,-3.9441295787165016,Intelectual,#d4af37,diamond-tall
-2.0605452901533754,7.6651257724336626,Intelectual,#d4af37,diamond-tall
