x,y,cat,color,simb
2.5,0.0,Físico,#4fd1c5,hexagram
-2.6069926696254826,2.3882188384901,Intelectual,#d4af37,diamond-tall
0.3785644927457617,-4.3135471395166345,Ritual,#9f7aea,star-entrance
3.6506331658731757,4.761604507750175,Intelectual,#d4af37,diamond-tall
